node,cluster
sdinny14,0
erinstreeterNAM,0
vinylcook,0
ShirtStru,0
brose2288,1
nicholaskamau,0
CarlStucker,1
MvezoKaramchand,0
screenwrites,0
taeretro,1
pnwkate,1
BelfastHourNI,0
GovCanHealth,0
Wab1William,0
MJ4DARBDAgency,0
MrRaulJenkins,0
Mau92142,0
KimPKAG2020,1
champlainlhin,0
HumanRightsCat,1
D3ANAgency,0
4DARBDA,0
ericcoliu,0
311laura,0
OlgaPena,0
LashDripp,1
curtwaldrip,1
isea_safety,0
iche_me,0
zen4ever2us,0
nat_jones04,0
environmentca,0
ElizabethAlver6,0
heyogguk,1
Harir_Minaei,0
J00Nl,1
UVMLarnerMed,0
CShoom,0
MartinG8177,0
ShubiDoobyDoo1,0
CallPali,0
davereadpoetry,0
Katphillips48,1
Socratic1,0
hyung_licious,1
x_jupiterhart,0
EclecticMommaZ,0
D4publichealth,0
HindsEOC,0
rainph0ria_,1
ajchavar,1
MiriamG216,1
IowaHSEMD,0
fragkos1,1
bar_pame,0
jefffleischer,0
SallyMoen2,1
AWDwholesale,0
MaryKillamHatt,0
rpfswrsbc,1
CanEmbMorocco,0
jjkxxflter,1
PharmacyU,0
Cor3yL,0
LizLiz_Di,1
MauryOdali,1
miketheidealist,0
NRCan,0
Wajahatfarooqbt,0
TxPtNotMedList,0
simpleX_j3rr31L,0
kaylynnetaylor,0
iammuslim_,0
jaxgadd,1
ltlgcoach,1
parkjxxmnn,1
DriveWise,0
Kbirdcat,0
Kryptomovies77,0
ecosolvercanada,0
carlCurrelley,0
SafetyMentalst,0
The_Games_Afoot,1
SatyaAgasti,1
RpfKjm,0
viralvideovlogs,0
LilRedRunning,0
MasonRaeDixon,0
nearlynana,0
ute_angie,1
tchedds,1
parkfjimin,1
movingwords,0
BCFerries,0
WholePlateWay,0
johnleewriter,1
SeniorVPres,0
amini54art,0
pfwnyc,0
iStanBTS3000,1
SINGLRI7Y,1
HerzenReine,0
YMP0P,1
7thclouds,0
Blackbiz2020,0
AndrewForTrump,1
FreeDAnimation,0
sawant_sagun,0
Endgame2021,0
johangreg,0
indywales3,0
isthisab0t,0
rtItBot,0
tweekerbear,0
zucchinibeemama,1
gtpgr,0
OptimusPrinkeps,0
Sybie54,1
lowkey_nie,0
JksTeefies,1
damnposa,1
DannyHozack,0
hr130130,1
bubblychimmmy,1
Starsarelinking,1
alimkakeng,0
untoldhoshi,1
AnneMannone,0
YrumpT,0
neomiu_,1
proDankMemer,0
F0RY00BI,1
highcleregin,0
BluesignV,1
softprkjm_,1
vminkook_clau,1
minniewings,1
Maaaaaaaaaay7,1
distinfo_gnr,0
kimchifry,1
A_Fellow_Weeb,0
filsminie,1
Sundari46949432,0
xabvante,1
esrakrlmaz,0
imdwanderer,0
umichmedicine,0
KarenBarryDavi1,1
blackstembot,0
maliniagarwal,0
abrock6215,0
movingbackfrom,0
Stefanodibiagi1,1
creepy_court,1
InfamouSinphony,0
2020djt2020,1
NotAJMendezNJ,0
bombaclartt,0
javeddar786,0
reneayj4,1
chemistrykaren,0
CeciliaRossana,1
JiyaKum14312379,0
Linda39125805,0
KuberappaN,1
blaxicologist,0
JNimalachandra,0
ds13_manon,0
RatraVaibhav,0
Adenoughofit,0
AcctbleHealth,1
Plannedemic,0
VeganJase,0
10thNdrf,0
aawdc,0
YesAbergele,0
Sloan_SM,0
texasyoga1,0
mariate84187033,0
karag,0
valeri_torr,1
HCashny,0
PearlsStarz,0
trev_sher,1
thecharliefoxt1,1
SLNewsRTBot,1
myworld2121,1
sadia_trust,1
writerpeter,0
mmfnigeria,0
PR0MISEMIN,1
ujHlMoDlVv3EfE8,1
rajmnish347,0
RAUSHAN91154923,0
Amber02150,1
JRinPueblo,1
icravelogic,1
GurjarMukeshKu2,0
gnomik612,1
JeremyBonham,1
SamPark40354229,0
MirkoCiminiello,0
claudiociminiel,0
JPitcher18,0
BcgAffiliate,0
blakcirclegirl,0
jamesjgriffin,0
aslanerdo5,1
HelenAnn16,1
Hilarieivy,1
lfc71,0
KTMurad,0
LoyaltyPower7,0
RoroAter,0
RoseSmi5h,0
SonArose3rdday,1
h3l1um,0
woodyinthewild,0
yescymruruthin,0
NellieBryan17,0
KaraMar111,1
pazdios7,1
KellyRotheram,0
LuxeDessinsCo,0
mirrorart4u,0
miserablesatire,0
ClimaSole,1
NiveDave,0
the_purring,0
Ara2935512512,0
ellenhenryart,0
diaqpatel,1
sunooshne,1
garritzmannj,0
ProfAmyE,0
oh_to_be_a_bot,0
SAJANPOOJA,0
virilis314,1
Saurabh14830020,0
WagliO_O,1
http_taehyungs,1
baabyoon,1
blue_sky2509,1
maheshpareek4,0
jeannie_wright,0
TryThisAmerica,0
theconnieshow,0
PRAISETRIUNEGOD,1
ifadoncaster,0
Isellmpls,0
GlobalPandemics,0
ghaleb_tamimi,1
RealNewsUK,0
JimVanOver,0
DinkarK42043470,0
BunnysBrew,0
iv_boks,1
pmk4chittoor,0
sofiartmedia,0
parrotheadjo,0
TheDailyPioneer,0
ArVnTrap,0
nickyc7475,0
Mystery291,0
NShams21443009,0
KulhariSm,0
varora692,0
utturz,0
VivekCEO,1
Shubham19011997,0
awheels68,0
MEDAssistNG,0
LeaderMedSupply,0
yang_shiming,0
Randy75314773,1
AddsEvery,0
silentseawolf,0
fsgoldstein,1
QCANADA1717,0
shiba_sho,1
CrushMmm,0
Atlasyldz2,0
CBreathalyzer,0
Jn_7L,1
marie_nassar,1
Beatthebeast8,0
soosaraee,0
prettyboutique7,0
sunnydays_hobi,1
gehanegabriel,0
DickPower369,0
redbaraat,0
PearleeShop,0
iIymimi,1
_jjkmindying,1
whenallwozkool,0
gerilac8,1
LynnroseDesign,0
BurnCoal,1
ViralVidya,0
StephanieC_IA,0
Ask_Lou,1
KellyOlsn,0
_Cvptured_,0
YaHozna86,0
OmahaChamber,0
DnSingh45624105,0
cjsrustictouch,0
JennLenayDesign,0
Swampstompper,0
VoteTheBigotOut,0
REMO_Annapolis,0
bangtxt01,1
tsbepod,0
Marta_CMarques,0
s8470,0
leprchaunrabbit,0
taimurShahidZ,1
TLC69112074,0
StacyJo41242236,0
beaner728,0
Diyan96022,0
judgeyourself99,0
Ja74304844Rahul,0
NicWebster13,0
PimmJulie,0
vankapro,0
IfItPleasuresMe,1
Rayofsu53801378,0
dad_darius,0
AlexLadino,0
NaplesLeslie,0
feriadelaluna,0
MsNancyDrewknew,0
cbsheridan,0
ApiWenuwen,0
ptfig,0
MarciaJacobs13,0
lad63222,0
RamblingMyMind,0
LaporteSandy,0
IHEARTUJA,0
dmd1943,0
BradBeauregardJ,0
Beth11883576,0
Aqs_aa,1
LCriHdz,0
dramybullockpt,0
CarolLei4,0
PotMeetsKettle,0
ColrfulEmojine,0
Sunny__Cali,1
RojoRurba002,0
electroboyusa,0
AliAdair22,0
ky_janet,0
DianaMo31936872,0
PittSportMomma,0
awoman_scorned,0
IBelizeit,0
lol_rukidnme,0
Larkcittia,0
AlyssaLynnay,1
kdqd3,0
CTamguns,0
Jo2Jim1978,0
TrentU23947054,0
StanLeeGee,0
afretiredky,0
MarciaMarciaM12,0
TahaAhmedMDCcf,0
JulieSuburban,0
JSABuilder,0
Politicalindep2,1
jodyvance,1
Dreamy__OT7,1
ValerieGiftsUK,0
mizzionpozzible,0
bangtannoyokan,1
ArnRuben,0
WeeFatShug,0
ClaireLGG,0
85erz,0
meraulton,0
minyoonugh,1
WilC79,0
pirateannie16,0
KeithEMorrison1,1
anyholla,0
adc,0
zamanofficial66,0
watercutter11,0
BreakmemeNews,0
KickingBullG,1
barkhiaofficial,0
ModernHouseBout,0
ButterflyLove_8,0
Liberals_R_Lame,1
jeonmfs,1
bull50,0
EndTheOligarch,0
kprotasenko,1
peachiikoo,1
mochimxo,1
eternalchimchim,1
Val53296536,0
jimeomochi,1
JoyFlick1,1
kamisama_kotoba,1
Rehab_Rover,0
fredrick_kavoo,0
liltaefairy,1
hosoeksprkls,1
SCambuslang,1
Patriot_Girl_TX,1
DemeterRhea,0
alisonjoylines,0
sabulosaa,0
Christinekorda,1
hwangxiee,1
qualann,0
FCSurplus,0
DrFauciMD,0
JoyceHermit,1
darleneclarke5,0
loosedepiphany,0
Jordan_Vchrn,1
llessonsoflife,0
FLMel69,1
LisaDMeyer,0
minniesok,1
emilie_adams,0
kkasica631,1
Allgums,0
A7Abdy,0
khaled_kabbara,0
PartyPlayusa,0
meandmecash,0
BuyBaeBaskets,0
LDreave,0
PARAMESHTHI1,0
TheRealDav1D,1
Mx_Ni,0
Conservanator1,1
huntsaa7,0
BigfootPC2016,0
DanielWagner59,0
JourneyMan1959,0
MusicManDW59,0
RepairTechie1,0
SeenAGhost1,0
WWEFANDW1,0
The_Stephascope,1
rhapsody1017,1
kookieecrumbss,1
SkyFireMinistry,0
mbisanzo,0
EveryVoiceMe,0
America19931424,0
DulceAngelinaxo,0
Individual_Intv,1
Yaboygeo,1
billcarroll,0
LongBeachCity,0
Bf2O5pU9vMc2wiI,1
LindaStewartFL,0
Cashie1972,0
ocarefacemask,0
TLove_5,0
Karyn__Ruth,1
Computer_Parts1,0
mediaflare,0
DanW77352779,0
DanielW23166425,0
it_DankMemes,0
ExerciseYoga,0
W_Meme_Com,0
TheFitnessTime1,0
photofun2459,0
slrcamera2017,0
pfanderson,0
SamZandYazdani,0
AnimatorsPal,0
A_R_TforPEACE,1
joelrafaelg,1
JoeVelz,1
jan_carney,0
PROMOrxTeam,0
StarOrdinaryy,1
ReviewsJans,0
Elenilinda11,1
JadeMay1119,1
Hiob888Marcus,1
drjim1954,0
LA36TV,0
jjkismywhore,1
DSupernaw,0
bash0929,1
TwitTartwif,0
Woke2APoint,0
2GlitterandChic,0
aleahcims08,1
artist_hardik,0
zeusFanHouse,1
GarvaWachar,0
joyfulng,1
LittleNiangua,0
kris_humphrey,0
christophergrz9,1
Tatiana2011Ya,1
creampiecentra1,1
LynnODo43771425,1
plnkrazor,1
rushing_kelsey,0
pennslinger,0
yvettelynn595,0
davidebruxelles,0
nippynews,0
AGUSciPolicy,0
MetRiskAdvisory,0
2020Just1ce,0
ClausSp27,0
AlamMoshiul,0
TrumpWatchNews,0
OurGenus,0
ilikethisname2,0
Galchik,1
ScrapperChris,1
MntnLynx,1
dawnclark6,1
um_dinosaur_,0
RB4444,0
XtianSummers,1
i_simplyi2,0
strigiler,1
ScottFishman,0
sachsau1,0
saucy_paige,0
jbooker63,0
beyonce_sweat,0
ratemystout,0
pdeblassieiii,0
StoryHaikuTanka,0
DenSow57,0
zahidkhan4517,0
bin_al_irie,0
IAmLove1110,0
PHLafscmeDC47,0
PCMCamisetas,0
NotLeo32859123,0
realMarcoAmador,0
FlowerPowerLab,0
AtaurRa29967602,0
TellingSpoon,0
velvet2660,0
MrMuskels,1
amy57201970,0
Livedandlearns,0
DeanDearinger,0
Cmisseri1218,0
TalwoodManorBnB,0
Rick_magaMan,0
AlisLedgon,0
junebug3122,0
humanleaphr,0
KSt2424,0
parker_mead,0
JaisRochas,0
alpha4subs,1
cabingoddess,0
Orokkekekazeg91,0
beachwbb,0
HemanNamo,0
JJDJ1187,0
jluvsbts,1
carlson75111,0
mikemokreturns,0
xxbynini,1
g73566009,0
Caroleshoulder1,0
AndreaVenuto1,0
emars55,0
AjayKushwaha_,0
tyraxxxes,1
bottomfeeder305,1
shannaforPA,0
WarTimeGirl,0
Lynk65495138,0
SarahHorneCook,0
calistomike4,0
SCoonass,0
talveznose8,1
thewookiee73,0
natmat48,0
kevinknaul,0
xL0d3stvrx,0
TXSalty1,0
EmmaMac85926009,0
PassivelyD,0
SamChe57,0
StarMadman,0
ECRMC,0
Len_Tauro_Photo,0
strtrek,0
kekedoyoulove45,0
Rox_Al_Ghul_89,0
RogueMoonMedia,0
Adrien_spit,0
JonathanLeon99,1
MontyNishimura,0
RyanForEQUALITY,0
bingcrosbymusic,0
DanielGBueno,0
salstice,1
luvlisoogyu,1
vessybgood,0
RealDonEsteban,0
newzealandbirds,1
namiwings,1
lyndied1,0
toomila,1
sally_kelly72,0
IrishLa01428585,0
krakistophales,0
haringbisexual,0
outerspacemanII,0
SailorMacaw,0
1point15,0
KidmanMakino,0
dianesheldon5,0
harmavelli,1
imc0r0na,0
Love4President1,0
Alan_Machnik,0
TrainingPeers,0
JamesDa40238647,0
DrRosmer,1
SquintzMcGee,1
MichaelSadgrove,0
GirlBtnTruth,0
priscilagural,1
luzcarlita_,1
kamilip1980,0
StoriesOfTheDa1,0
mabmab71,0
grizzlybr,0
Player2b,0
marcie_david027,1
ifindkarma,0
trisarahtops_80,0
Ellen_Friedman,0
2112Frankie,0
scotgirl7,1
snupd0g,0
NeaBadi,1
GeorgiaDiPirro,0
SalvadorAnthon4,1
Suzedcfc,0
PeterNimmo1,0
ForgePost,0
Alpha6Phinsider,1
11yrsOnTempVisa,0
LOV_IMAGES,1
DankRedditBot,0
hirantha129,0
Clubdeck3,1
LMarsh66,1
iconcollector2,1
CrO2_XDR,0
Tye_Facilitator,0
DigitalMeowMix,0
kawaiikingx,1
PatLCSWMSSM,0
Enterrr10,1
KylieTiu1,0
morya_shyam,0
ReneeShowers1,0
SusanTolman,0
Gerryscot1,1
BoilerRoomTweet,0
JacobTitus09,0
hrprogressive,0
DivineLove333,0
Amber_Renee420,1
KSmth2000,0
nanelvisfan,0
JHSaunders,0
DanouParadise,0
danolivadoti,0
stratospagdatog,0
arlendent,0
batansb,0
starpepper811,0
suzannechowla,0
pimmbec,0
squish1964,0
micheleglynn,0
Tina12312,0
DSQAMARTA,0
BJCrawford12,0
joavasquez,0
WondererCurious,0
kthyeowntan,1
NayabFH,0
Streganonna77,0
rose_recovery,0
shashatheitch22,0
tesuroblu,0
prokop_patricia,0
Sky_Lee_1,1
JulannBR,1
SnackMorrisBand,0
JusticeToAll,1
GrybowskiDebra,1
TheO530CarrisPT,1
BornToBeMighty,1
hcrubin2009,0
JenniverMichael,0
bannerite,1
SummerStarbuck1,1
RockyMtnCivil,0
BarclayBrown,0
patty_hawthorne,0
meagan_angus,0
William21944137,0
Fiesta_ANovel,1
lisareynaloe,1
solidadvice1981,0
breezely1462,1
us3rn2m3,0
LRPow79,0
SnarkyGaloshes,1
AbsterYinYang,0
OliverKatzz,0
JagbusAnne,0
vanessa429,0
PIRATE1775,0
HarryPotterMAGE,1
enrique_mayo,0
Bugs4US,1
MedPierre,0
JanushOpi,0
NHWharfRat,1
PrincessMeerk,1
CF_Entre_Corp,0
JaneCanary19,1
dylanob41181736,0
LouCarter,0
old_osc,1
RobertaD7777,1
ngoshawk,1
DrewSchmidt115,0
VictorK37694416,0
Abhinary,0
SylviaB26189116,1
PagetNicky,0
Jefiner68,0
MH_Retweeter,0
MarkEtWords,0
kenbielicki,1
6bottoms,1
eliseluvscha,0
SS102016,0
Enrico056,1
crabeerer,1
RebeccaLamorte,0
BobsonMaiso,0
EstergrenSue,0
L1ttl3butF13rc3,0
FBM2005,0
ThatIsBadass1,0
BeReadyNHC,0
LiveWellToday1,1
mpplvt,0
AndyBailen,0
mrojomag,0
StacyLeMelle,0
Rp_Dub,0
thequianafulton,0
al_julius,0
richardajabu,0
postcards4USA,1
back2_andre,0
HugAPug9,1
biyolah66,0
Katpa73,1
jackclementi51,1
InvestorSwan,1
SimGHOSTS,0
Kelly02840086,0
Isabelales2,0
KarimanMango,1
dativenk,1
KatieEthers,0
rshinde_96,1
Cuds_1246,1
incogni39440699,0
kristinstrong36,1
katie_did_not,0
Me62251115,1
philritchie,0
Cabell_HlthDept,0
Fun_Tea_Drinker,0
Crystal60127986,1
yv_official868,1
TugayHatayli,1
MillPondDiaries,0
emytourheart,0
DSMaillard,0
CliffordBauman,0
MikeTiffy53,0
ScottBotfield,1
Arts_42,1
lucywillchange,0
mallorybsowell,0
Traceyj29043296,1
AT_OSullivan,0
AstuteTruth,0
GachungaK,0
Jacquel64783749,0
citzgirl,0
Fairchar1,0
Melissa51657733,0
roseannekerry,0
KruelEmpire,0
Fonsecashow,0
666yuca,0
Dystopia_Files,0
ThomasKleimann,0
AndyBird21,0
yournerdside,0
jenengl,0
ImmunizedotCa,0
quakerpen,0
modena1968,0
souleym62494177,0
fibroandme12,1
setiyar,1
mikah_musa,0
Eoin_roe,1
Bloodimarii_,1
JeffySeahawk,1
Rob69542540,0
maeve41963761,0
KRIEDESIGN,0
ksjdreams,0
MouFranco,0
pugaltejose,0
YVRcub,0
baum_71,0
Philippe_Tweets,0
Linda77311529,0
blgrimm,0
3ster_3Q,0
SCVIndy,0
Mervyn_Carter,0
MJVentrice,0
jsanchud,1
badgerlyminge,0
Penteana,0
ExplainedW,0
SofiaLingosEsq,0
closetasiangay,0
AlisonGeorge10,0
aust_sauce,1
JeffreyJDean,0
thePaulGarrard,0
mgt_coull26,0
FriedmanYaz,1
KristiMBond,0
TheDailyNecess1,0
pinkcascada,0
CindyFriedmanMA,0
JayTimmonsNAM,0
nnins,0
TimeIsNow2020,0
ManjulaMeda,0
StEverild,0
Jeremy13605986,0
RepKayKhan,0
PrinceStylez,1
molyneux_msj,0
ShowTimeRick,1
artalexme,0
TheForestCreek,0
SalvadorStrohe1,1
yoonipoundcake,1
mariavasey7,0
Sillytees,0
nerdyflow,0
TwoShowDays,0
JeannaLStars,0
TSL1086,0
AnnLatham,0
CMcKNichols,0
invernessred,0
Tooda,0
KatyMcconkey,0
AlanTonelson,0
rafabauer,1
juhnet7321,0
bethlinas,0
Giboska,0
foggyknitter,0
tremaine1986,1
thorstensawosch,0
castoraj,0
slothsnails,0
defactoleader,0
StoeckleGabriel,0
ImRO__08,1
ericpop27,1
garetho75951588,0
ladyyy510,1
txcremations,0
muhammadateeqk1,0
BillDeGrandpre,0
jlints58,0
witlord,0
TRlVIASOOBIN,1
ChiefGSage,0
nspector4,0
RetiredRevsMrs,0
Serenity_Seas,0
JustBella,0
TheeTrueFan,1
RhondaJFlanagan,0
MrFly187,0
winewatcher,0
justwaiton__it,1
PPotanas,0
FurfieThomson,0
Narniaexpert,0
FixItMrPres,0
DonaldNorcross,1
antinoo2,1
dfhammill,0
BMinuteman,0
breathehappyltd,0
RevdDW,0
dianalimongi,0
jthcivic,0
PharmacyHour,0
karimhamdy4444,0
don_velour,0
FKEU8,0
HelloitsKaren,1
JPopStrikesBack,1
loisquick,1
QMajori,1
Linda_Corbett20,0
The_Arcane_Boi,1
NorCalUnitedWay,0
imaigen,1
LndOntRetweets,0
FutureDeZigns,0
Judyoklahoma,0
DarcyDarce,0
NVCF,0
DamonMBanks,0
DefencePRO_Guj,1
MZarogoza,0
daddybuell,1
SueGrah456,0
OneOahu,1
emsayle,0
Frankyyyyy_,1
AMothersFineArt,0
49ernavybrat,0
BombshellDAILY,0
ingeallbeauty,1
slimbad92,0
_Bawwse,0
DazzSands,0
rhana_73,0
TittyTw64913703,0
spookydoobies,1
WillxMartinez,1
RikDescheemaeke,0
ThinkinPatriot,0
ralpshtone,1
katannaskin,1
LeeCapobianco1,1
jonle01,0
jonle86,0
GIFFCloud,0
AbercornSecSch,1
GaianLight,0
Cocoadiva_KRH,0
Pugamall,0
Helluva87007714,0
rgething,0
EvaMoNique5,0
lowery_wendi,0
RhemjohnDave,0
highhopesUSA,0
doctorkevinmoo1,0
daveelias,0
Scottishnotbrit,0
maskcapecod,0
suechadwick999,0
Mary12995565,0
NygardMarina,0
Inspiredbydavie,0
thenewfenrir,1
Divacool7,1
BabykitkatSmith,0
MediaActive,0
ccylevin,0
FatHead156,0
glitter_2em13,1
RobertoVigna,0
jamesgodsey7,0
GESANDA,0
whatsonbristol,0
Mimran51418012,0
jacqueline_says,0
dailycupofjoe_,0
garyi_carey,0
demipal,0
melly_ruiz,0
Tighnacoille,0
FellowHelping,0
Hero_Masks,0
istackpole,0
CherylRoarke,0
FootballNScrubs,0
PandemicCovid20,0
FaceMaskPlus_,0
NBC2,0
ramdarse,0
annewillisart,0
jkandylis1,1
ahmedfaz05,0
BellaSpirito777,0
RoyHStAsaph,0
pakhair_store,0
genesis_ninoshk,1
Victori52049631,0
elstreetphoto,0
TureBaldwin,1
_Ashley_Blade,1
MichaelOgaza,1
RepBobMorgan,0
amazimals,0
kevinwadams,0
VideosAmerica,0
marousyat,0
RoxyFerret,1
DaveDolton,0
dwade575,0
MakeMe1aHolla,0
JessicaHOverto1,1
4589roger,0
RealSitazen,0
ErmaHamilton882,0
betterjobsearch,0
savvy0164,0
DanaRubalcava,0
ItsAmandaElise,0
ladymidnight09,1
markdamon77,0
PaulaYankelove,0
otiose94,0
Kubersoni7,0
PaulRmgy,1
Fuzzysongman,0
jack_hallen,0
Zoot16,0
JavaQueen22,0
Terrix12,0
cabrinimh231,0
joliclown,0
KathyCMarra,1
RLTraveler,0
luzbaez,0
mitch61nm,0
Exit3281,0
MimiTexasAngel,0
kmpritch,0
PinknFlawless,0
Owula_Kpakpo,0
lotusphoenix320,1
imcbears,0
guist_pat,0
thornydevil17,0
MrsCoffey1004,1
carolraerae,0
AlbertaYoda,0
SorenSorensen9,0
4Tchat,0
jomareewade,1
EvelynWoolfolk,0
22J0y,0
DarylMJD,1
WeNeedCompassio,0
RationalGlobal,0
MySweetP28,0
Straitland,1
JawadAlvi5,1
2ParkCity,0
TerryTate__,0
TruthTellingNow,0
MImproxyble,0
MelodyComas,0
Fiachmusic,0
karamballes,0
MindfulwealthAU,0
yogaskidogs,0
Spoonhead8,0
Stephen25367746,0
chargooond,0
folklorelover13,0
thepoliticalcat,0
JudithRKramer,0
watchfulwatcher,0
mamapnut,0
acehanna54,0
JuergenRuder,0
talonlawgroup,0
NYCMSMC1965,0
WilmaMarie1,0
stefanbuttigieg,0
RonaldSRomuald1,0
BCIT_Journalism,0
pugs4everever,0
lizzywales,0
nebelung_ana,0
justamie2u,0
AliHMokdad,0
VolvoMan17,0
MySuccessDay,0
AndrewM01048339,0
CaesarXIV,0
miss_teemi,0
mistakeswerema3,1
PaxPippa,1
tracy_o1973,0
i_johndaniel_,0
Grumpy40274816,0
CaliBoyHello,1
sectrashpanda,0
BelovedMrsE,0
LACity,0
WWG1WGA_17_45,0
SaintSanti15,1
jules_athome,0
BBWriterCRD,0
beagle709,0
Facehuggger,0
susannmarie,0
DizzydotDaisy,0
Thomas_Wilckens,0
vantebabieee,1
Mh2020Store,0
MaddyLove2018,0
mmt2431,1
cynthi_a14,1
nargisgurbanova,0
brittbee1189,1
BrocktonHousing,1
menschmodus,0
TtravelerLiv,1
Nate_ready2go,1
jc_alamode,1
Cecifreire2012,1
TymVirginia,0
ashleeenic0le,1
mr1000faces,0
Mary4US,0
Tt42923508,1
AkelaPink,0
Canada,0
kirpi1221,1
CammonJeffrey,0
debutbangtan,1
Vasha_Kaur,0
J00N134340,1
zezearuya,0
Dreamer__26,0
anncairns_ann,0
TealePB,0
RiotGrrrlCheese,0
AstaMuratti,1
irislinares,0
27reasonstorock,0
GaburCosmetics,0
Ellen_elluh,0
KarinaKaminski,0
moniiesfilter,1
Mjandersrn,0
KcluckyK,1
cabalanon,0
ctrtmy,0
KarinKMacDee,0
chiarafer18,0
iiwasanoldcard1,0
JeanIntra,1
cathyliamlivin1,1
bowman_beverly,0
x_xATBx_x,0
bomalon,1
eyeflo,0
girlureekoffear,0
ukhelenbennett,1
AJ73AJ,0
DebbieNester1,1
BelPringle,0
iancundell,0
monounivers,1
OMyDeckerstar,0
JoshLuke4Health,0
evilgingersays,0
FadOuts0ld,1
Luisymya,0
Alive_Beehive,0
bridav7,0
GiftIdeasHere,0
cse_cst,0
EricVENorton,0
MdNurRahmanSak1,0
josina1970,0
truthtableJCT,0
RedDorakeen,1
patistajcar,1
RepDebHaaland,0
jills2302,0
indy_asap,0
wawwaus,0
ERICKADRIAN_G,1
MassAFP,0
stremijn,0
TruthSeaker15,0
RandySimmz,1
BrbhcSocialm,0
GardeningDame,1
sn00p_d,1
sunshineaus78,0
manuelapaints,1
KSP_Libs,0
NelliNation,1
XMoonXBoy,1
RoykirkJackson,0
Marta42686013,1
Heerak_YT,1
shadyblunts,1
KathyBassett1,0
sullen_meiko,0
indi_0z,0
geebeeWA,0
redheadfancy,0
RobOrdonez,0
kevint905,0
flwrstete,1
ixespinal_,1
urfavweapon,0
solecitonay,0
SenatorFine,0
aclalibraries,0
Lorenz_Otis,0
6Dan7,0
TrishBridger,0
Grizzlypancake,1
painwiseliving,0
aphonic,0
jeannieologist,0
suefew,0
azure_unicorn,0
StPcusa,0
LarryBoorstein,0
WAChilihead,0
seniorsat,0
ArosCreativos,0
Hiddencoastsce1,0
c2cboston,0
BillFoxOnAir,0
FlatEricSays,0
boztik_ZA,0
XkeepsmilinX,0
CKriti3,0
IowaShots,1
Chartrambler,0
xixioshun,1
imadickens,0
DonnaYoungDC,1
UNL_IANR,0
GGevirtz,0
ako_pop,0
Gbwheeler41,1
ANdi_MilaNanas,0
zmomofboyz,0
val_fina,1
JunoGold3,0
fancycats7,1
GHS,0
jennymeehanart,0
SikiGeyaMdingi,0
NMMC_news,0
ArtMeeks,0
LopezLovinLife,0
MsJaclynHaber,0
Dblass5,0
AcediaSenju,1
lopezgovlaw,0
mr_palbert,0
chad_gillert,0
jpjrosec,0
Tara_heimbecker,0
LittleStarTerry,0
realAshay,0
icare4america16,0
utechproductsin,0
milin_pinguin,1
MargaretHollin1,0
FiestyKiwi,0
ComptonnPrinces,1
LeeHillerLondon,0
DModexd88,0
jimmy65755380,1
MaritinaSko,0
MiamiGives,0
bunkajin,0
rodrigolromano,1
cany0uhearme,1
3amart,1
HikeOurPlanet,0
NoqReport,1
welljackmeoff,0
Hahns46,0
SilverAdie,0
_pamela_davis,0
Pics4Sr,0
DogZander,1
FightBack4DJT,1
timekeeper1346,0
GiftAwesome,0
FormerVixen,0
SaundraBales,0
JuangoArnau,1
mabrownjr,0
ArcticFox_am_I,0
GiftsConsultant,0
iCoolCreate,0
CrawfordsHessa,0
ItMariska,0
gyddy43,0
douglaswcooper,0
trumpvsbidenucm,0
lima1lima8,0
RimaDarwiche1,0
CasTrash1,0
Im_Dramatic_27,1
indiosilverclub,1
raywesty,0
sharpeye777,1
carmondos,0
LeeHillerDesign,0
ButtsBees,1
RealLimerickMan,1
Unfreakin,0
bprophetable,0
SimonDunbavand,0
ShermanW15,1
magosinmagia_,1
ThePierreSans,1
spiritdancing23,1
nn_svk,0
Und3rratedHuman,0
ayoitstero,1
ma66ri,0
80shairrock,0
cutwheel,0
SailorTriton,1
norikoswitch,1
SteveLJenkins,0
GBMCHealthcare,0
ddwiese,1
MikeTheimpuner,0
plbrocks,1
sanna_o75,0
Carlos_Lopez66,0
AnaMuriel91,0
yukikaprnt,1
realEscanor,1
francie57,0
dado2219,1
MelBiggsMusic,0
unltd51,0
KieraEd94737602,0
tooms666,0
alexiolo_,1
Jbana60,1
eVisitorGuide,0
justkorrr,1
Ldyforce6,0
ruthcherri,0
74Finewine,0
imazoya,1
KimMangone,0
idcjayy,0
JayKilgore7,0
VotarEsUnDeber,0
krdaghan,1
Harley_1955,1
yoongtittie,1
CoolhwipPoker,0
juliebrough7,0
NotTheMommaOk,0
MigMorales4,0
LittleRed623,1
ArTallks,0
freeNorCalNow,0
CabbieGold,0
211Teacher,1
Lennondac,1
pablosinbother,0
QLanded,0
jhbonline,0
EdwHWilliamsJr,0
ElizabethMcLan1,1
JasonSc60372751,0
ParentsVoiceWor,0
jennicsr,0
stormfront2010,0
VickiMo08056436,0
WorcesterHour,0
MikeClawhauser,0
TinTinResists,0
Lilblis85916870,0
TraderStef,0
jlkbp22,0
covidvsstats,0
YouCanPetMyDawg,0
LaurieWalters19,0
newhorizon7771,0
RyderSteel99,1
brokenbox13,0
amanda_leonori,0
Paislee64519802,0
HealthyDavis,1
proudCanadavet,0
onebuddysmom,0
RPTruthBringer,0
Basil19861,0
toprealty,0
sukidog420,0
SummitOne,0
naomischoenmak1,0
misterachiever1,0
LoveAmerica615,0
2Heidishattuck7,0
mojogringo,0
AdamYamey,0
bloxchester,0
donfre,0
BarbaraNavarro,0
Barbiewithatude,0
ajsmdmph,0
NanaTammy2,0
TheSWPrincess,1
f1lthycoastie,0
anntirrell,0
JuanG528,1
BillyHoward423,1
spayrechaynge,0
darosman,0
Bonn1eGreer,0
CaptainCurnow,0
CarrieH10987654,1
MalarkeyCat,0
enisabe,0
annjsmall,0
nillie,0
marat1,0
Lpowell588Lady,0
tmelissen1219,0
WestwoodVillage,0
Mrsssssmaryjane,0
SimonSidleman,0
WisconsinFix,0
kewell_j,0
TrumpMemes_2020,0
boatlena,0
VieAnew,0
vision835,0
shirleyyoung2,0
humen543,0
reasonnorvirtue,0
abbienormull,0
BigDAK54,0
sj2300,0
JoFawcus,0
td21241,0
AusKoalaXPress,0
UltimateWines,0
CPowers83728393,0
sgaut,0
Sei_selbst,0
dreamcatchermja,1
RobertM15294022,0
jdar57,0
Ehearon,0
LiuKenwin,1
OceanGirlProjct,0
catpriya5,1
crimsonblu22,0
Beau97849013,0
MKMcCarthy_1,1
MissILmom,1
alessiomac10,1
janissf,0
OnlyFansMemes,0
Onlyfans_bot,0
madenergydsm,0
gigimac211,0
DianeGoldman,0
brigittezarie,0
HarunWadi,1
JanusKlaasssen,0
ToniaBuxton,0
barfythecarrot,0
CareyChristhine,0
FannedCEO,0
NewsGto,0
plhalter08,0
ftmckinstry,1
SamBuscher2,1
JoeDentente,0
FlabbaChamp,0
bbyfacedork,1
elcutemacho,1
Irishgu87874097,1
LailaTovnow,0
markvegezzi1,0
Readnknitndrink,0
Ambersinn78,0
PoetTLStarr,0
damilola_ak,0
ClaudiaSantosB5,0
morainedems,0
MikeOkuda,0
pamelaowsinek,0
Seasonalchild,0
tofino141,1
byJoseAguilar,0
GlennyceJ,0
rantingbanshee,0
CurlygirlStacy,1
LBPD,0
BADKALEEL,1
AnneBubxo,1
moorehead_agnes,0
MTRezCoach,0
SouthsideHope,0
Pam1010101010,0
DurbMollie,0
ARISPOVSS,1
NotSoFastThere,0
NebToday,0
meganvictoria07,0
rajivsab,0
AlisonGreydanus,0
AbraarKaran,0
ComradeCarlosX,1
RoderickCarlyle,1
KathleenWoodw17,0
MMPconnection,0
PamelaPrentice,0
bcomininvisible,0
Pietro34685,0
CelticCoco,0
WestcoastBCLife,0
CindyMy13178850,0
Shan73198,0
AliSosa4104,0
IoSonoJo,0
TheBoltUpright,0
PesicBrana,1
LiamChandler19,1
funkrafstik,0
DougalMacAngus,1
flashprjections,0
kookooze,1
parry_wilson,0
bluedarkArt,0
Johnyiig4,1
louisabertman,0
SkyHawk56v8,0
BillofRightsTX,0
thereidout,0
KevTKel,0
longbeachbobby,0
radiobaitiola,1
Vaw511,0
LuciaTassan,1
sueatkilmeedy,1
eska_akvila,1
pic_oso,1
CGArcheta_,0
rac80,1
joycebudenberg,0
die_gram,1
forgoodmysake,0
E1A2p3S4,1
_flafy_,1
GuineeTags,0
brenner_colleen,0
jcfwick,0
kenglishesq1,0
natashamitchell,0
arasaucedo24,1
WilloughbyCity,0
beatshoney,1
earltwitty,0
ken_boner,0
kinkybears23,0
Anyaneitman123,0
David_Hicks,0
hsmcnp,0
ctv_jasonpires,0
JennyGaSwenyar,1
Luismgnzp,1
yoksig,0
mchmensan,1
TruthBTold4All,0
ArielleLynette,0
BrentSuspended,1
EsheHill,0
TheMohawkStudio,0
AndreaCConnolly,0
ZenithUpwards,1
arkayscreations,0
JohnnyHancu,1
justgrateful,1
Bebos4912P,1
AJIceColdWidow1,0
AlkofahiGhaleb,1
CareyCa53551399,0
NeilPAllen,1
sunshine4y,1
ukcalling,0
raye8405,0
CricketixSue,0
feebeetee,0
micmakgetthegat,1
horea2012,0
etuskasieben,0
PoliticalSpect5,0
daniejenner,1
projectshowdown,1
JoyOfDachshunds,0
Flor03690078,0
felinecrl,0
dguy621,1
tomtr__,1
TheDemCoalition,1
Chad593781981,1
CITInnovate,1
MyTwinBoys08,1
ItsJustinReed18,1
LReedMahalo11,1
quickkick_music,0
TexasWatch,0
davidgem97,0
SethMorgenstern,0
Thommytrader7,1
guyfan21,1
tullman,1
ms__twiitt,0
04kazumi17,1
namio808,1
reallymlab,1
bruce_yates,1
AMiceMarina,0
Christi24463334,1
lieberothdk,0
Jiminxmagicshop,1
funder,1
PINKYPIE41,1
chitowngal1204,1
rhmcgarry,0
Flomoll,1
ChuckCa74732124,1
APAuckland,0
FLai1234,0
VictorY_Wong,0
istoeumpolvo,0
LaceyLaceyp,0
macushla7,0
spiritwildchild,1
bright8694,1
kdom123,0
CKefalas,0
Qyasminpatriot,0
BradleyCreight4,1
0_ATD_0,1
cjmu,1
Ctl_Alt_Del,0
AndreaAndreamax,1
DirtyCrow6,0
AndreaCBresnick,0
ShiokudaGroup1,0
nelliebranco,1
HimTrump,1
bradrlambert_,1
fireman452a,0
Sky_Loyal,1
PenJussi,0
MissKatieDi,0
Kimberly4peace,0
Lkellzy1466,1
DJPlunkett,0
BlozLola,1
One_big_bean,0
texbque,0
rjkarcher,0
Dakotagirl495,1
JulesCasting,0
lovenpiss,1
norm_bradford,1
ShyBunnyArt,0
Maryblueberry5,1
wdcolvin12,0
CarterJoyce104,1
YardyJeff,0
Ng_Dave,0
Gazand,0
jackiebinns05,1
Benbgd92003,1
dfogle0086,0
GreenChristine7,1
TSasyall,0
BrookeShigley,0
Hachanajee,1
pwtupdate,0
HerbNam,0
david_edelstein,1
tinanimitz1,1
Lovesdragonfly8,1
mmjblair,0
cod14en,0
LSCalifornia,1
NJdoc,0
Granthc,0
BarryRGreene,0
Loyola48874002,1
baldie98004,1
jasmine_oconner,0
bjalyna,0
DJPelon11,1
WashYourHands55,1
mermaid_garden,1
suzyraelo,1
CriptonautaB,0
NashGenHospital,0
VernQueenOfTypo,0
twentytreesone,1
Creepymore,0
carol_wein,1
ljvilardo,1
usaidbolt,0
relics04,0
JoWilso99859694,0
KimRHolmes2,1
jot_au,0
fringeflowers,0
IfanHuwDafydd,0
DeloneStan,0
higwb5,1
Suffolk_Sheriff,0
SewallTim,0
bookmans,0
LetsTurnFLBlue,1
BoteroStar,1
OGOPer,1
Kayla_C17,1
pauldibartolo,0
DeeDee7770,1
durust__adam,0
liasisback,1
AnnwynRI,0
Ashh__Leyy,1
BillRayburn6,1
racep,0
SaaturnsReign,1
mariatermanini,0
sean_chalfin,0
antsan102,0
VeronicAzSun,1
MINDOFIKD,1
Bardicvoice,0
BonillaLaw,0
arlgainer,1
profbeech,0
ManyAmericans,1
roxbdiving,0
er1ca826,0
critpraxis,0
BuscandoAlBuho,1
Politicalrant13,1
ZinarinBelasi,0
NYGovCuomo,0
HamptonDaniel1,0
AirHyderabad,1
BorgheseAmira,0
teambreezy2c,0
scottshimo,0
CampaignGov,0
PeterDawsonUSA,0
MASolo2020,1
Durag_Jahh,0
Captain_Shiro,0
SusanbtwN,0
victory1261,0
LindaThorp8,0
DemSeattle,0
minminyoongi121,1
paulmcclintock,0
livxdeckerstar,0
D28MOON,1
JORGE_C_NY,0
Arcange52536129,0
Vicki142,0
serendiphoe,1
LauraFarstad13,0
sybilkrizinski,0
Fearlesah,0
HeyMo517,0
innerseokie,1
VirexxSolutions,0
slevinusatarius,1
Stweeting1,0
lessiehogeboom,0
edbobgreen,0
DarrenNg1106,0
cuomoallthetime,0
leslie82673985,0
RitaRight,0
McdonaldMcdo54,0
_innermoonchiId,1
KPredo,0
MaryjaneDaly,1
Sesimbra5,0
KeikiBelle,0
NickSpiros,1
KeepLifeNormal,0
jojodevereaux,1
Jamie36278359,1
DrJoelGelfand,0
DrOniBee,0
shock_larry,0
CarrollForME,0
RobertF81086633,0
EugeneS16580264,0
LenaGoodwin14,0
TamiArm97530632,0
RickyAppleseed,0
furbehrrr,0
GailWaldby,0
2SassyD,1
SicilianSapien1,0
CumminsNM,0
honeybear073,0
19Fernbc3,1
dragonabs1,0
DiscoSangre,1
CNHHE_RCSHE,0
CorporatePiggie,0
EscapeEmporium,0
APANONews,0
BambisBox,1
zabdielz,0
stagnantwords,0
mulder_charlene,0
LisaRee9,0
MChandr13684987,0
ArnasBarbara,1
FactualSparrow,0
PolitJunkieM,1
CrazyRodman,1
ASchaperow,0
MagLandrace,0
baseballbalker,0
Tw14946866,0
evil_gop,0
All4Something,0
DrJPriceTrustee,0
jpfragosoneto,0
dm_cgo,1
AjeetGill11,0
robstewartcamp,0
adorkablemalec,0
NurIda9,1
redmama994,0
OSUNephrology,0
dalDesignNZ,0
Hariharan1057,1
AngryBlue_____,1
JSY83464764,1
dztulloch,0
IDSAInfo,0
CammyThompson2,1
gaabriielaloveu,0
ActifBeur,1
JesusAlfredoD17,1
spontanuous,0
EricaGamino1,1
bloatedbubblez,1
BabyDollSara1,1
PergamIC,0
mjod1954,1
arainbowdreamer,0
NativeMothering,0
markperryart,1
PaulaAd18876981,0
Sanford44Matt,1
NehruGanjam,0
LynDronningen,0
halifax903,1
padraigflanaga4,0
BellaDawn01527,1
robert_weiter,0
Lezbehonest091,0
Sabir__Ahmed,0
kiskadee22,1
Karen03227217,1
BenMastaitis,0
little_eee_3,0
CowboyParamedic,0
HeyPastie,0
PenguNoodle,0
LunaStarra,1
FloridaBiden,1
acejeongkook,1
clairecre8tes,0
amtrackmacon3,1
Twittblaster,1
FobGuntur,1
BOYZOFSUMMA,0
lillyhami,0
GabrieleFigini,0
pammarray123,0
FDRAKEJR1,0
BlueSkyDays17,1
zephyr9673,0
La_FarEast,0
MARCO51482083,0
SuperZenLlama,0
SMHeath1,0
ConnieBrobeck,0
dreamchqser,0
onegoim,0
azucarem,0
Enki2270,0
TRexOwner,0
TSchmoll,0
simplybeth22,0
Cindynine4,0
Trump_Failed_US,0
IamProLife2020,0
law_hastings,0
Actarus97509658,0
thebigape86,0
AndrewWirski,0
MAGA_DJT,0
emilianomei,0
godz_metal,0
mariaro41534337,0
GioChirilly,0
IaconiBiagio,0
eg_katt,0
Dizzy_Fingerz,0
GetMyGist,0
climate_fact,0
Agamenandros,0
TonyWillk,0
AlonCavalier,0
nictreadwell,0
ramaham7,0
AnnaP1953,0
DrDaveWebber,0
Vancity_FC,0
dottgtx,0
JonCraigDV,0
RosieAyala18,0
Sandraawakened,0
bigneon_glitter,0
gianantonioinla,0
HANIA654,0
LadybugKae,0
abba79,0
Emily17887631,0
drnzdn,0
RickHendley,0
sandrac43619331,0
JackNS555,0
franniel333,0
sassygirlcanada,1
play_flag,0
leslieyoungLA,0
TLCarr13,0
OzTrumps,0
maggini_19,0
FrancescaSumm18,0
EmCuse99,0
Gina_Alcera,0
Chr_Steven_76,0
RodS108443078,0
MichLK32,0
Angel1Ruiz,0
AndeLyons,0
SuryaSwaran,0
RussSPeebles,0
authenticreel,0
Sch531,1
EleEsse77,0
markbaldwin1,0
RevWeb,0
AlessandroFusi9,0
TulliusCicero43,0
TroyHim,0
GTbbfan,0
empowergracewi,0
CaddenKathleen,0
ChelBel20,0
rowanromano,0
Fabiotwittwitt,0
Aiden_Smith101,0
Sligodamo32,0
solagimma,0
SmitArianna,0
TheFinalDoctor,0
Timmyjl1,0
Faster_Bunny,0
sassy_np,0
ThingsYouNeed2K,0
Abbey0213,0
hardin_rosa,0
LindaFair20,0
lfkraus,0
ImGeraldMan,0
AtomicPunk57,0
CaliLiliIndies,0
WizzyProbs,0
john_victorius,0
1_Love_1_People,0
EbgbGaylen,0
winnygirl03,0
LeslieMac,0
InnocentGeni3z,0
Moe52971613,0
pittyparty21,0
campchitaqua,0
CeeReedy,0
annabella313,0
Willysgurl1,0
kosgirl56,0
Freethinker1004,0
DanielleGembala,0
MPMilitello,0
kygen,0
TechGooRoo1,0
CraigJetMetFan,0
Bornabrit1,1
Annie56myview,1
ReasonD10,0
InfusedGeek,0
sashacharnin,0
hcoppola,0
PitaForUSA,0
EliseVoteBlue,0
snoopypez,0
HugoBoss7,1
M_Riordan_,0
SMUBLUE18,0
tothelostmonth,0
KLemonLab,0
moughthere,0
JSixth,0
karunasanghvi,1
thearicordi,0
AMilleur,0
rocketmetalden,0
SEP_Rebecca,0
CoronaWorldStat,0
scheeinfo,0
AmandaPanda8309,1
chechibach,1
kajundo,0
Caitlin80547616,0
JamieHeres,1
PontiacElem,0
tosc411,0
atla_fan,0
RoxbyMD,0
AmDiabetesAssn,0
BourdinFred,0
Dianegagne16,0
Teachme64,0
Deb79425469,0
lalipopbubbles,1
Sharon1617,1
wethepeopleusa,0
dmworley4,0
puzzlesthewill7,0
bigdickmix,1
t_sut,1
sillysmilelaugh,0
BartenderEddieJ,1
therealjorahkai,0
Rey_Ray,1
jengrimes8,0
stepinrazor,0
NoxDominor,1
GalaticWind,0
DIORTAE95_,1
bbmcbiii,1
michaelturton,0
CycloneLizzy,0
lewis_king10,1
edwardbenson,0
hobismiiles,1
ViviadmiresCote,0
KeithJonesJr,1
DrewSimonByrne2,0
rhugh4791,0
ABrenna29240305,1
canttakeitanym3,1
drpavithranp,0
WHOTimorLeste,1
Marilou858,0
sharpegal4,1
slsulistiani,1
MDEhsaanAli6,1
CookiesByGeorge,0
thaveeshalp,0
faddray,0
SpokespersonMoD,1
mhcsnsw,0
shewage,1
jonathanjewel,1
Kw33n_888,0
AlexF13185856,1
TimRampersaud,0
crystalsnowtk,1
Laughhon,1
cbcnewsbc,0
oyekaler_,1
thitoch,0
Alexand59338197,0
ClusherJoe38,1
teddscofield,0
taicheUK,0
jzomom,0
D_NoisyMinority,1
Tash12XII,1
patti_recser,1
CrazyCommonCens,1
alvaroaasg,1
replilly78,0
daviskathy02,1
Ceiyb_Bae,1
uncggrad96,1
RVHugs,0
Wild4OxfordWA,0
pampam94612961,0
SaboJune,1
osiro_ruth,0
1776usafreedom,0
peterlouwe,0
ploggingsarah,1
kimfoster_kim,1
sofiegeorge,1
TeamCorvette34,0
Ernesto31442209,0
MyBeautyBug,1
Liz_on_Earth,1
mami_mami813,1
orlando93376256,1
MichaelNegrn2,0
PsyDame,1
resistsister,0
MorningStarBird,0
andrea98951568,1
Eina_hpets85,1
NolanBurg,0
capedcrusader21,1
wasteoftym,0
CrazyCatRescuer,1
ARealChristian3,1
MoniB777,1
TheJosiahQ,1
kiawikiwiki,0
ErniePala,1
LovinskiPaula,1
BiglyHope,1
Bangtanbros7,1
Tazatator,0
radio_on_berlin,0
jordyn1023,0
liltiddyemogf,1
esmesmedicine,0
WorldwoutTrump,0
hightechchik,0
1i_bandit,1
TheLastBubble,1
Lolly_Jean,1
JCasey4364,1
cg_curtis,0
sihag_daulat,1
ElQueen71837997,0
Crysanne1,0
Teslaquest,1
LUISMAREVALO,1
JanB76701737,0
ThomaHall,1
don_mallory,0
RodLCleveland,0
emilyearndt,0
AurangabadFob,1
disuzius,0
amphitritia2,1
dinablue,1
stephcarranzaa,0
SamuelC316,1
mercylvr,1
MaxwellMhae,0
nocolove86,1
shmeeisme,1
TweetsRTaccount,1
urbantreasure,0
Dougs1978,1
Bham_Allergy,0
Initforfreedom,1
ggggggggggwefc,1
reggieiscrazy,1
13greeneyedlady,1
klongfield1,1
JimBarbaraJr,1
AnneSheldon,0
JPSoucy,0
AbundantPedShed,0
KarenOC90550191,1
Bill19300155,0
Starblindshadow,0
FrSeuffert,0
MissMaxine7,1
CarolTimmons1,1
vdayree,1
DemTrumpHater,1
wetbehavior,1
JerryTamburino,0
coloradodems,0
t00046343,0
MySideGigRB,0
DCActivista,0
SJB2448,0
sarahglatzer,1
gabluerainbows,0
aerotycoon,0
DebCraig2,1
imnoplasticdoll,1
MysticAngel1985,0
DefPROMumbai,1
bidusi24,1
EmmettYadon,1
YuloffCreative,0
70sChild2,0
alabamaobserver,1
Mtryn2,1
jazmin2mil,1
garylowco1,0
RogeliodaP,0
thenank001,1
Bflo_Gal1,1
KarenJefferson_,0
Susulov3,1
IndependentInkR,0
vivienshotwell,0
gooddrwriters,0
PoojaSe20145904,0
DakotasStorm,0
ally_xgarcia14,0
baraksjanam,0
toanyb1ink,0
neecagurl,0
holidaysdearest,0
eithanessa,0
logical_old_man,0
RoxyRoseRocker,0
Chrissy89,0
sbram94,0
Laney73517911,1
RepChuyGarcia,0
mskitkat2u,0
DancingOnWheelz,0
TGDsquad,0
RhondaPPotter19,1
ell_sees_all,0
_Rossaholic,0
MinteaLexi,0
prettyhip,1
TheEyesOfTruth5,1
strawb39,0
goodbyeAcadia,0
LuvDani_xoxo,0
TheLizzGonzalez,0
leftybroad,0
coyotetrobador,0
geraghtyvl,0
katie61234,0
JaneSenior,0
sarajeanparker,1
Bayadacaregiver,0
trmdj,0
duckyjase,0
Rocky1542,1
LizOC08,0
DebDhampyr,1
Riviera202103,0
DrR_DUNNE,0
tew_pak,1
DurandKacey,0
DeadpoolUnna,0
juan_chortua,1
GregDeGug,0
PRODefNgp,1
RealWLDFRE,0
T6xjfG8cipdFVl2,1
mary28653912,0
LucieSinclair1,1
macandsoul,0
Varjerhmoudgill,0
robin_rezende,1
LisaLSchmidt2,1
SudiptaChandr18,1
umibeatz,0
Annette89717285,0
indictmentduck,0
luthful7,1
Glendappp1,1
vclem22,0
ABidenPatriot,1
TraceyNew,0
ty_the_np,0
JulieBa73315767,0
realMaemoxie,1
GeorgyNowLori,1
JanPattersonRN,0
MyTwz,1
MintzWanda,1
cchangfc_br,0
LurkMartinez,1
catheri84736097,1
mapybenavides,0
adorinqbangtann,1
DrcindyA,1
kobebean8_24,0
wendypg44,0
Jamesdeel1,1
TruxTrains,0
Chatty111Prasad,1
Jillrliny,0
apoxalyps1,0
ResistTheNoise,0
popcoin3,1
BlueCherubSky,1
FranRN,0
JamesKubinski,0
growglobal1,0
Keyboard_Junkie,0
cjsullyinnyc,0
msmaryjodetroit,0
CLKKELLEY,0
dragonfire55555,0
chillvet,1
djtonn4,0
petunia_wild,0
MuslimahShenan1,0
SaltleyGates,0
jenney44,0
shaker0309,0
delitheexplorer,0
Dr_AmyD,0
JARothchild,0
huggins_smith,0
MsWoofs,0
titansunn,0
susan_lydick,0
enius_j,0
ResistNonsense,0
DStewart541,0
blackearthangel,0
kathleenalice4,0
lesservale,1
CharleneSar,0
alanfranklin,0
ngryheffer,0
4laurie2,0
Potters_Elixir,0
GlamgurlJ,0
MightyCasey,0
TweetKingLucas,0
ValeryScott50,0
Shavina59,0
LisaSelk,0
snodgrassmorti,0
jane__eden,0
AliGreisch,0
SenErikaGeiss,0
afcakesparties,0
psocialbuterfly,0
pat_harris2,0
GlobeTrekking77,0
SuePersists,0
swoffer,0
scorpiess93,0
LeftOfLansing,0
SuzySmart4,0
ProAssam,1
AyahPolsek,0
Melina_gwg,1
joan_cpc,0
DrJenny9,0
jennymahaffey,0
yoongispatootie,1
MaskCouture,0
biguy2020,0
MichaelPinnell7,0
Sailingtheships,0
MoleskiDorothy,0
Not_Blake4,0
LuckyCharmMe,1
vantahku,0
MicrobesInfo,0
Rajesh07121,1
longhare1,0
Nomad64797435,0
NACOINDIA,1
pichetong,0
HandyUnicorn,0
pamrichmond1,0
moonlitangels21,0
Celestite66,0
o_bts1,1
Vanurtle,1
MikeyGeek,0
DDNewsUP,1
ashokddnews,1
PIBAhmedabad,1
Big_G_09,1
PIBImphal,1
BinderFaith1,0
AremanPeter,1
vmeliarose,0
khaledyb,0
mrsyoungbd2,0
DowntownBalt,0
Vas_Kasidis,0
One_Health_In,0
emoryandhenry,0
beautifulpic777,1
ROBgujarat,1
TheFH1892,0
freedomgirl2011,0
vikas_shetty06,0
PIBKolkata,1
ToFVodka,0
bsf_jammu,1
YgeAb,1
InspYogeshVerma,0
PRO_Vizag,1
prodefkohima,1
jhengstler,0
adiel03,1
bjpsaptagram,0
Brandon73540285,0
drhuda64569864,0
doggg_m,0
cabs02,0
SportsInsanity2,0
hilpatelss,1
ZilPatelDO,0
ellacorbeau19,0
SupriyaKothari,0
IndivisAspen,0
RayLovison,0
Steipi,1
HarishRev,1
simplyfinch,0
mahiti_bvn,0
LadyCesar2018,0
beautyitsevery1,0
danielle_ce,0
VDelaunc,1
LindsayKelleyS,0
dragodaboss,1
tankovicdamir,0
odobehave,0
LBPDEast,0
airnews_bang,1
hadidsxskriver,0
charitywatson32,0
PatentMasks,1
NRL_MoPNG,0
PIBKohima,1
Sinnaris79,0
NykNalbariAssam,0
Marie24373752,1
TreemanOfIndia,0
jennifermjj23,0
PastorMWC,0
SspetersonSandy,0
SANJITM40020948,0
adsoftheworld,0
covid19snews,1
health_manipur,1
cooliver05,0
Jennlar1,0
tmtsheole,0
busanfan,0
balamcoatl,1
ambreen_siraj,0
Films_Division,1
sharmilamitra,1
InfoNavsariGoG,0
CommonTimeTapes,0
sidjaiswal,0
pyeinburnaby,0
e_tauline,0
maria_tattoo13,0
TaurusPictures,0
LeeLjiljana,0
Laksara_SC,1
mulawinmetawin,0
JovanMalik1,0
mandajrobinson,0
ROBRAIPUR,1
RiCrane9418,0
jessicawachman,0
dmkoraput,0
Ankz_jain,1
psycho_bates_,0
shrobb2,0
ROBHyderabad,1
need_over_greed,1
fobbilaspur,1
HindiPoManok,0
Love_winnybun,0
AuradeeAur,0
bunny_metawin,0
covidnewsCH,0
ashleymugsy1,0
hunnybunnychie,0
Mel93251046,1
BSDhruw2,1
earthprairie,0
XpressPathlabs,0
MaccessoriesR,0
betadinebunny,0
manson_marina,0
Glitter_Leos,1
ChikitsaMitra,0
KarpPk2000,0
InfoSabarGog,0
__kiwis,1
goldenmetawin,0
wlacnews,0
Cristin12238630,0
IPC_Ghaziabad,1
MicheMacheDecor,0
griff1964,0
InfoPatan,0
Naagoon6,0
1Ndrf,0
finianoselie,0
lawwrren,0
KeepitRealTea,0
RealNoraC,0
_V3ritas,0
simplyme_ivy,0
jhnhealthcare,0
FOBKathua,1
derick_kakuru,0
jrzgrlz,0
BijouBouquet,0
748e85cb905d4cf,1
BTSxWin,0
SInglesfield,0
livesforlucifer,0
Bigjester50,0
jatashie,0
ilysmwinn,0
lumi_benj,0
aTShirtPlace,0
CFSINDIAORG,1
t1disabeach,0
sexyvamp35,0
SanjayDhotreMP,1
GrobisR,0
MoSarkar_Odisha,0
gulftoday,1
fobcbe,1
bartmeer,0
rossmcmahon_,0
betobe14999808,0
UnleashedLGBTQ,0
FOBSrinagar,1
ASWeissman,0
RajeshK89986421,1
vanessaaaluiss,0
RajeshA26251880,1
fob_ambikapur,1
GandyHug,0
chrisluwi,0
raniahmohh,0
Vaisha_19,0
M99EMH2L62c11bI,0
butterflyjms,0
RajeshA61300113,0
ErinaK19,0
Miss_CandySmith,0
adgroblko,0
hautahbuhgee,1
YMBDY10,0
bizvidya,0
SMAGlendale,0
BlessPlease,0
shubhamhackz,0
fionabannon1,0
AlwaysYellow4,0
iamloopsy,0
FobKanker,1
Ehtasham199,0
ronnie2029,0
brghtwnbl,0
lakika_bee,0
GourleyRev,0
Ali_Haikugirl,0
Freakshow_F_R_,0
ParisAeroport,0
CeciliaEgan1,1
openviewforever,0
jesuisbunnyy,0
alinuriyev3,0
RobynAngel,1
DrPongs,0
JBarco98,0
kmonstage,0
adellarumpella,0
hangingby,1
_morningstarr_,0
Jituman61401482,1
MDfineart,0
visitingFrance,0
vowtoimprove,0
StersSci,0
StefanoSMagi,1
allanschlegel1,0
OddManO18307328,1
chrisderrick1,0
bernarchevalier,0
TrilokS84706546,0
sebvoyages,0
gbemi_j,0
IRGRL,0
NerenTory,0
Crimson_Dreamer,0
ConneeB,0
stella105eric,0
JamesVolfson,0
ava_unity,0
SatyannasenaATP,1
bobwager2,0
BABAIGH33640520,1
BBishnupur,1
AjoySah39234511,1
moocowsue,0
jerseygirl0656,0
CosmicWitz,0
6cats4us,0
gkielec,0
219Bjp,1
GourSahaBJP,1
ProsadBarman,1
Bettiah2kishan1,1
LizOT4U,0
rose_amelie,0
223Bjp,1
Ranjeet20154820,1
gwessie_t,0
nolietees,0
EndgameShea,0
KSponheim,0
225Bjp,1
buckleyswartz,0
WizardBear1,0
TARUNxBJP,1
JohnBdxb724,0
TraceFlores_,0
Abhishe62610404,0
Rekha19329896,0
Fahaj63734381,1
Kashyap23723264,1
subhadipbjym,0
SweetyR04103545,1
Avinas16964882,1
Ajaykum58808665,1
BJPMONUKUMARVI1,1
JerseyLynda,0
KaasmikaRayan,1
ARABIND35691835,1
DIPANKARHC1994,1
AryaTanni,1
scardboy,0
BeingHumanInc,0
CoronaBot20,0
SumitSi06544428,1
KukarMonu,1
jai_krishna7,1
ProvatBarman8,1
Sharleesmad,0
freedomfan255,0
RadhagobindaMo7,1
carmenmom1209,0
Shubham29227989,1
cwboute,0
Rashmik26015191,1
Sudipta08839565,1
SushmaBhatnag18,1
surajit44098020,1
Swati45101378,1
bjp_bankim,1
JanieEv21557610,0
JustFnGaPeachy1,0
kelseasgr8,0
5Explorer,0
MadhabG21972112,1
Subhamdeep11,1
BijanBa99517338,1
RajKuma76158529,1
camancher2012,0
RajaDeb63741396,1
ritesh_brand,1
Susmita16004674,1
serenityabounds,0
thebrajeshs,1
HaranSarkar6,1
hallie1974,0
UshaRanjanKundu,1
Riya76406598,1
souravb28004817,1
BarunSimlai1,1
VishalS15588023,1
ninnitoivonen,0
RiyarashmiSing1,1
ursala_yacoob,0
GunjanK39337075,1
RatanPa85629151,1
DianaCo88057576,0
SiriusMemoFx,0
SUJITBASAK13,1
MicheleLReeves,0
BIMALGH62786438,1
Abhi39923226,0
KatieGr10319138,0
MINTUGH78500782,1
SubirModak13,1
nadrips,0
WellWeds,0
SamarPa28749711,1
Abhishe57078365,1
PriyaRa55651615,1
AshaSha79514786,1
MubarakKainat,0
sdkingcaid3,0
BuddhadebBann14,1
dutta_susil,1
SwachhBharatGov,1
TjayJT,0
deydebu995,1
BjpCobDakshin,1
BadhanDutta12,0
TweetSumanGhosh,1
candacefrancis,0
Sudipkumarbhak3,1
SonuOjh87807700,1
pratiksoni77,1
ronakrbafna,1
evvvlchris,0
resister_mike,0
PrabirKunduBJP,1
JustinaNtabgoba,1
mohan90252512,1
MishaKhalid7,1
the_gaba,0
DIEBO37RT,1
DrDinaGohar,0
Somnath63021378,1
AnuSark04869766,1
False_Pos1t1ve,0
rajbjpnamosevak,1
Begusarai8,1
Jennife58996304,0
redial999,0
i_mnilesh,0
Annleicester3,0
katekillet,0
NovelFinds,0
kalel2008,1
syawal,0
GlenThinksStuff,0
ProgBeliever,0
PeterOrganKing,0
elmartinsz,0
LevUThot,1
bezaleel_me,0
Resist2k18,1
Clariss85651202,0
lime_link,0
DavidPh62361337,0
doctor_of_doom,0
Sallu_Saiyed,0
DeathByTheFox,0
taniawh84254660,1
KarimKhldi,0
AzizianRahim,0
airnews_mumbai,1
oshey_fans,0
semljnika,1
s0ranek07,1
Quanty_Q,1
BenediktAmrhein,1
zr21designs,1
mine21Kavin,0
Sanitha25516251,1
Shamemovement,0
HARD_HODL,0
maskurself,0
dimedadze1,0
Teona29582620,0
hallogator,0
BlackkLotusss,0
DPVH,0
illbedamed,0
homeatlast9,0
Ayomide_oj,0
bakutransport,0
grhluna24,0
AkakiA98,0
Dr_G_Hobley,1
dfptvm,1
milenzadoyan,0
PuducherryFOB,1
CareGuardMask,0
KisumuSH,1
cappa_cit,0
lunamosity1,0
nykdharwad,1
Stellmacher20,1
SWRRLY,0
GranadosAbygail,0
Newsenm,0
Marcina85409185,0
DougBettcher,1
thegirlMoshe,0
1thingaweeek,0
Cass_EF,1
nawabi_memer,0
tuckerdemps,0
KevalramP,0
My_God_Is_A_Vow,0
Pitfall_Jake,0
Contakk,0
jasonNokidding,1
contactsujeet1,0
johanalinn,0
DublinTalks98FM,0
mithu796311,0
LexoWin,0
RandomTasha,0
henrygw,0
louderthanally,1
ElumalaiDhanda1,0
R_D_JAGDALE,0
_Keddy_,0
Tabagari,0
AmyDonohoe1,0
WardaNadiadwala,0
telugu24_in,0
Ioan_Said,0
DaleVanDemark,0
plumbermushi,0
CielChristian,0
designbynabs,0
CoolCatzClothin,0
gazman89,0
airnews_Chennai,0
vonniedecember,0
AdvertisingSant,0
PIB_India,1
SatyaHarsha19,1
nzccpatiala,1
yayoimama3,0
Argi36530381,1
atul_tweets_,0
Vox_Populee,0
doublebitcoin99,0
SeizetheBeret,0
Gulshan_GKM,1
BattleCreekCity,0
AAKANKSHA183,1
AntiViralSuppl1,0
s3bland57,0
AtuobiCynthia,0
militarypopper1,1
JosephineBakar,0
JhonStratman,0
Armin32729689,0
Art_by_Talitha,0
PinkHappyStar,0
GilAndy3,0
BIGDOGLOVER2,0
DG_PIB,1
saada186,0
nisusmedical,0
gniplc,0
nerailwaygkp,0
fatpunkstudio,0
Kcmm19711,0
sirhcb35,0
rmburra24,1
Alekhya_Datta,1
carys_mullins,0
LiUNAEasternReg,0
LiUNALocal78,0
NJLaborersPAC,0
PickledBaloney,0
TuhinaH01,1
BeReadyCalhoun,0
Ryan_CaoDat,1
MichelleforCT,0
jhy290519,1
admit2sin,0
anasdayehh,0
Zom_Bee_Nature,0
1_version_2_go,0
Cherokeelegs1,0
Banjio_,0
AlmaRod29934132,0
drmsbc,0
dabqueen71o,0
emotionalitae,1
zion300106,1
Jmf134Jeff,0
TheShifterD98,0
myinfinixstory,0
KakosLeonidas,0
avalondotred,1
AlexOriginalUK,0
covid19_experts,0
Wakhan786,0
OughtonLydia,0
ecfcJakey,0
JMcKenzie,1
MayZabala3,0
CorruptNSW,1
lyndaevans65,0
sb_overseas,0
SueSams3,0
ficci_india,1
AlexisLives,0
bluever,0
antony21924,0
tshirtmugcasbag,0
carlnmairCarl,0
BrianErch,0
DavidSykesGBtx,0
ConsultAeros,0
MusaVerwoerd,1
Bighead344,0
Karen55972133,0
FL_2_NC,0
FictionTarot,0
SaraRose2480,0
rajyasabhatv,1
excusemynews,1
Brandon98261576,0
drmubl,0
SmartFlightInfo,0
MassMedical,0
rohithsays,0
RanaGhoshRG,1
MaskShelby,0
YuriRiv02558750,0
RobertEdgemon5,0
NirmalD45369700,1
Kiplangat_Mosh,0
kahindi_wilson,0
SouravD78050772,1
travelcook_ffm,1
DigitalRainbowX,0
iamyashnema,0
NikhilDinodia1,1
SteagleBeagle,0
AniketM85161186,1
365SportsKE,0
3Luser,1
ArunitaChowdhu1,1
OnTheHudsonNYC,0
ireperi,0
MucheruNjenga,0
imkevinmatekwa,0
HappinessTimes2,1
BetsyORiordan1,0
delhipublibrary,1
lithochuno,0
red_black_cat,0
SheenaParish,0
JolenzBE09,0
lionman47,0
DorsetCCG,0
traceylhall,0
NigelGM,0
chmod777Mark,0
PMAYUrban,0
DerikMuah,0
Dawnmist723,0
Tina_Maymorning,0
HarshaSaiMS1,0
CLOliver101,0
chic_harron,0
jonsv3,0
MAhealthforkids,0
HotRodPOM,0
orlando_s2k,1
im_B11,1
Nimad39258990,0
Eagleeye47,0
Bio_Innovation1,0
BestNest2,0
MiskaP97,0
gezzoto,0
GreenwichPure,0
vinyksr,0
cgstcushyd,1
MikeAMye,0
ololade_goke,0
Merciless365,0
joseflang1953,1
mahitijamnagar1,0
AnilP18101729,1
TheOwl_Girl,0
wildkat57,0
Musthaqraseembm,0
RafiaZakariaa,0
MushroomFighter,0
LiUNALocal199,0
WesternCapeGov,1
laceydrawers69,0
LendYourVoice2,0
MissyRogers1,0
5280ppe,0
PIBChandigarh,1
cgst_south,1
nsm_school,0
FUCK0FFEE,0
Adrian___Jones,0
BrooklynSusca,1
barryjgrossman,1
ishh0118,1
fluidensity,0
PharmEpi,0
jscalesonbass,0
KayKay__247,0
NottsSissylover,0
Kuldeep86888868,1
sulemankhan447,0
GiftCod,0
lifeisgoodform,0
insidefilmroom,0
JohnnySobczak,0
KvanaLael,1
AndorTechnology,0
tiffanyb233,1
ageofblasphemy,0
zach_goins,0
_exfoliant,0
mwalinu,0
bhushanlaw,0
WanhedaXIX,0
gbradbury2,0
murtazawahab1,0
GaurieD,0
MakaMeshv,0
WendyPositively,1
MarMarejadilla,0
Lylabug2,0
AdeelSheikhM,0
MyckelJay,0
cours_et_reve,0
yeonseng1,1
bernardtbe1,0
adityakumarsi9,1
mhaonline,0
crimson151,0
Kennedy7456Dale,0
CarmineDiBattis,0
MsLuBu,0
Allan_Wrestle,0
mykindofmujer,1
Andrewlike10,0
GrandmaConstan1,0
MarkGar21543410,0
bewellwithcheri,0
j3o2h7n3,0
mkrivich,1
bontango1,0
StaffordshireCC,0
rifkahf_,1
andyfurniss,0
Tradox3,0
susan_litman,1
m_tmgjruss,0
heartsgxne,0
DonnsyWonnsy,0
sora6141,1
jailanelsarha,0
SherrillMoss,0
renegadepoet2,0
Daniell72326615,0
DeeStengel,0
MargaretReedAct,0
MRIrene,0
Cliff_Reeve,0
DCPPathfinder,0
DANJO_UK,1
wolfgang_acnh,0
MDSadof,0
Pastor_AnnaNeal,0
joanne_swanton,0
clroger,0
RandiK125,0
ChristelC18,0
angiebellinger,0
hinghamjewelers,0
DrMJW,0
Linda24867736,0
drwhovy,0
dianero87998084,0
pc_dpj_rpf,0
zombiecharlie_,0
Jasdannia,0
MoTimeout,0
JaxWolf61,0
videosheetmusic,1
TFD_MBaker,0
DesertRoseAZ22,0
zogarreal,0
sayasajo,0
TLockette_Star,0
parkerpoodle99,0
Khatia1996,0
NoNarinata,0
Fmohnigeria,1
Proud_Mother85,0
p_dider,0
AlexaMirage,1
DziadoszS,0
nomarchshop,0
SSMHealthMidMO,0
ELTInstitute,0
isabelgbueno,0
Jules31332070,0
Heather49006718,0
Merbabe71,1
_Katelyn_Mia_,0
MusicStuffnMore,0
UniversalFact17,0
NaomiFried,1
pollyjolie_com,0
ElinSilveous,1
SeanNarrates,0
007Lax,0
jessicovejessie,0
LemStraw,0
rafie1993,0
SteveMFairbrass,0
peruexplore,0
BrianShew1,0
CletusNwafor,1
S_Ordibehesht,0
springbornlass,0
Rudy31681017,0
jtrinward,0
rgupta33,0
Hawkified,0
ROBChandigarh,1
F1REWHENREADY,0
DreamL8r,0
DoctorsForBiden,0
SSMHealthSaints,0
SaRDiusSONshine,0
Lasaa_V,0
ErickHaydenacts,0
nailawadi,0
kivlind,0
FetchuPalipol,0
LGreerH4H,0
TanyaRiveraOn2,0
SouriYour,0
Psymin1,0
PIBTvpm,1
housect,0
LaurenAnneWise,0
JulieBurville,0
erick_mac1,1
Dean_Is_Batman,0
BluediamondsGS,0
Dr_AEQueen,0
bobbystutzman,0
TheFlaneur__,0
taylor_smith14,0
DeeYoun72318535,0
HHS_ASH,0
EnergyFC,0
Lyndagee49,0
yas_barker,1
Mukhiya86384739,1
MujjuTemporary,0
LadyMarysBakery,0
wef,0
a_simmons__,0
MikeKrausBlog,0
WoollyNinja,0
SaveChildrenAlb,0
muellermonse,0
ZwinakNC11,0
Eva_GBTheatre,0
RevanthKumar_P,0
wanjikumugane,0
leo_lora,0
m7m5ea,0
UArtine,0
loujkruger,0
MeshugaNinja,0
AttiqueOfficial,0
webbjay4,0
ZeevBA,0
nasirova_konul,0
teesbakers,0
jogbosky,0
KTMtwt,0
drizzyovo406,0
Rdizzy4,0
JasAWebb,0
Woroud,0
linuxsapien,0
JeffreyAWillia4,0
ctvedmonton,0
lotrspnfangirl,0
broadwell_gail,1
BigTimHodges,0
Tinman8101,0
J0RWAL,0
shresrup,0
Ranajit20402520,0
ohmyjeddy,1
parvez1,0
CabanaAndre,0
PattersonCee1,0
AmandaRaee_x3,0
trecarufel,0
janbear105,0
JudithSeidman,0
DrunkPunk999,0
PC_SBC_RPF,0
the404code,0
jaymagirdler,0
stephani_skim,0
AzamgarhFob,1
CGCWriting,0
ResearchBuzz,0
sunshinesmasks,0
AnitaMaretC,0
irishzionist,0
novasocialnews,0
XulesRun,0
clashpandaRay1,0
shivpal92525341,1
RobRe62,0
May461014344,0
SouthPawNatasha,0
avtofm1077,0
TweetingYarnie,0
DarrenBitcoin,0
phishflyer,0
brigadoonblunt,0
DrewbixMusic,0
BeantownBop,0
erena2015,0
AshleyManz,0
SICKPHANTHOM,0
WarmongerExpose,0
Co2Green,0
AreaCodeGreetin,0
Duckett62,0
NCLeanne,0
Herbion_US,0
LauraCr60996568,1
_patskiii,0
MarijaMadalena,0
ColatoKristian,0
ImoPHEOC,1
sforgosh,0
monkey204design,0
PeaceSignPistol,0
hsnewsupdate,0
grace_is_sugoi,0
Tecnoestres,0
sox1450,0
LucyHut01662850,0
ledjoezep1,0
superdumbest,0
dghowery,0
TexasDSHS,0
swedenspeak,0
m_ziegelmeir,0
SSMHealth,0
ssmhealthwi,0
Shivans33589132,1
ShahzaibAnchor,0
Community1110,0
AudunLierMD,0
PikaSchleh,0
kksjjdje,1
covid101,0
andraasheurofan,0
ThePlandemic,1
Pramod08081976,1
t3chnobi0logy,0
Kez_777,1
DeeVez766,0
sleepzilla,0
impulseGUIDE,0
DebSchussler,0
dave33cabdriver,1
Angela51144939,1
GMProfKoch,0
LeilaniMunter,0
IceFireLord,1
SenatorSerrano,0
binkswebelf,1
SmoothieLover,0
MS_SouthNassau,0
naveed_saand,0
marie3566,0
nutdee14,0
andreatalbot031,0
Satish_kumar_mi,0
ForumFocus,0
Je_MoederT,0
stellgirl15,1
Cyd9406,0
TampaForWarren,0
MattDuvall15,0
kcrowleymarien,0
MarLeBailey,0
thor2233,0
vinnivsharma,0
PinotGrigio18,0
KarSterl,0
ChrissyDBM,0
FrancescaDcll,1
Smahoney01,0
NotButter,1
momsrod_janet,0
kristinasworlds,0
cityofwilmde,0
TheResistanceC1,0
drigert4,0
DispatchesUSA,0
DonMaryEllen1,0
FaezaDawood,0
empathetic_kn,0
ShawnReynolds_,0
Nauman80910848,0
Knightd427,0
DrHappyJamesJi1,0
IntegrityNeeded,0
DSCCurbside,0
ezcckolkata,1
CentrioleT,0
BhudramS,0
l_painted,0
vblazze,0
RumpTruth,1
AnneTolpegin,0
flvickster,0
DParapurath,0
ErinnEdwards5,0
debbie156,0
SafikSsenyonga,0
PoliticsFun2020,0
FritzieWatched,0
rajatx7,0
tracyfromjax,0
Allworld_GT,0
laughingis,0
beshannonphotos,0
KeFuller,0
CorneliaVDavies,0
weallfalld0wn_,0
locaincb,0
FranciscoTeri,0
JenniferAtala,0
saratsuzuki,0
jadansteph,0
paperblogprncss,0
paxxman,0
arenaqueen,0
TheLindaRobbins,0
silalesanchez,0
BarbieSnow6,0
TheInkTruth,0
